文章标题,分类,作者,文章地址
这样的水印效果，通过 PHP 是怎么实现的呢？,问与答,shdog,https://www.v2ex.com/t/405802#reply1
如何带好团队？,职场话题,simplise,https://www.v2ex.com/t/405797#reply5
性价比最高的全面屏手机？,iPhone,jfdnet,https://www.v2ex.com/t/405742#reply35
"编译了一个 K3 的 LEDE 17.01.4 版本提供下载(忠于 LEDE 原版,无任何附加包)",分享创造,cxh116,https://www.v2ex.com/t/405774#reply1
用了好几年 iPhone 愣是没明白他的 icloud 机制,iPhone,DingkunJ,https://www.v2ex.com/t/405731#reply12
今天被安检的次数,问与答,wangchb,https://www.v2ex.com/t/405795#reply4
你发现了哪些有意思的歌曲？,分享发现,F2Sky,https://www.v2ex.com/t/405698#reply48
滚回 El Capitan，才知道新系统有多烂,Apple,hysw2009,https://www.v2ex.com/t/405743#reply29
安卓手机，有什么好的输入法推荐？,问与答,xiaochengxu,https://www.v2ex.com/t/405686#reply65
为什么坐个火车还要拍摄照片,问与答,wangchb,https://www.v2ex.com/t/405723#reply36
vultr 今天日本的节点是挂了？,宽带症候群,kjwlegend,https://www.v2ex.com/t/405730#reply10
防止下载链接被爬虫抓取，有没有最好的方法？,程序员,Reign,https://www.v2ex.com/t/405660#reply34
Firefox 首页提示捐款,Firefox,focus1812,https://www.v2ex.com/t/405720#reply7
有什么国家 / 地区的运营商不记名而且国际漫游特别便宜吗？,问与答,Technetiumer,https://www.v2ex.com/t/405800#reply1
[南京] 求 Python 抓取系统工程师，有图有真相（可实习，全职薪资： 8-16K*13 个月，实习到手： 200-400￥/天）,酷工作,gouwudang,https://www.v2ex.com/t/405732#reply9
有没有承接企业官网建设 CMS 的,程序员,powtop,https://www.v2ex.com/t/405661#reply20
基于 Symfony 开发的 PHP 内容社区系统 PHPDish,PHP,slince,https://www.v2ex.com/t/405709#reply11
升级 iOS 11.1.1 后 WiFi 网速奇慢,Apple,hackpro,https://www.v2ex.com/t/405769#reply8
大家好，（）*@#￥%￥#@！,中二病,lscomeon,https://www.v2ex.com/t/405786#reply8
macOS 升级到 10.13.1 后文件系统出现了问题,问与答,samuel40,https://www.v2ex.com/t/405801#reply0
没过双十一的人多不？,生活,stebest,https://www.v2ex.com/t/405705#reply30
双拼使用体会,程序员,loongwang,https://www.v2ex.com/t/405702#reply67
如何突破 Java 程序员的分水岭,程序员,kingyouvo,https://www.v2ex.com/t/405704#reply14
对比天猫，我怎么觉得京东更实在一点呢。（天猫偷偷涨价，京东偷偷降价）,分享发现,MaxBear,https://www.v2ex.com/t/405679#reply62
PayPal 里的美元余额，怎么提现到国内储蓄卡？,问与答,Loyalsoldier,https://www.v2ex.com/t/405780#reply17
双十一剁了一台深度学习电脑,硬件,udumbara,https://www.v2ex.com/t/405643#reply43
GCP 其实还可以吧,云计算,cwek,https://www.v2ex.com/t/405796#reply2
在南京南进站的信息采集事,问与答,wangchb,https://www.v2ex.com/t/405785#reply9
根据这次双十一评价一下天猫和京东,程序员,wvc,https://www.v2ex.com/t/405759#reply22
奥德赛好好玩啊！开始了就会玩到没电才放下。,Nintendo Switch,ethanlu,https://www.v2ex.com/t/405798#reply3
ipfs+filecoin 有没有取代 private tracker 下载的应用？,问与答,cy97cool,https://www.v2ex.com/t/405767#reply3
冬天野外的流浪猫狗如何生存呢？,问与答,GooMS,https://www.v2ex.com/t/405556#reply72
大家有发现指纹识别，用了一段时间之后，识别率会逐渐降低吗？,问与答,iConnect,https://www.v2ex.com/t/405655#reply36
暴走大事件第五季 36 被下架删除！--不过还有 X 度资源可以看 关键词 章西书院,分享发现,pandaaa,https://www.v2ex.com/t/405681#reply46
Chrome 比价插件用什么来着?,问与答,1and0,https://www.v2ex.com/t/405760#reply11
有没有睡眠障碍的,强迫症,boyhailong,https://www.v2ex.com/t/405764#reply13
分享一个新的编程语言 Lemon 。,程序员,zhicheng,https://www.v2ex.com/t/405696#reply34
最近功守道很火啊,分享发现,freejewu,https://www.v2ex.com/t/405761#reply23
有没有大王卡转新出的联通米粉日租卡的？,问与答,stevenhan,https://www.v2ex.com/t/405778#reply6
好奇问下， BAT 等一线大厂现在允许自带电脑上班吗？有代码保密类需求吗？,问与答,jin5354,https://www.v2ex.com/t/405719#reply7
youtube 上有那些频道值的订阅的?,程序员,xoxo419,https://www.v2ex.com/t/405390#reply86
每次讨论联通互联网套餐的时候，我都觉得你们一点都不像你们吹月薪时候那么牛逼啊,分享发现,sandideas,https://www.v2ex.com/t/405545#reply185
[博客] 博客一周年，希望得到大家的支持鼓励！,分享发现,swordspoet,https://www.v2ex.com/t/405689#reply32
豆瓣电影的人在吗，电影分类数据是不是混乱了,全球工单系统,xjr1022,https://www.v2ex.com/t/405783#reply2
延误险一般在哪里买？,问与答,CaptainWho,https://www.v2ex.com/t/405765#reply9
某东买的原厂公版 GTX1070 8G，的外壳上的螺丝又被拧过的痕迹,程序员,tiiis,https://www.v2ex.com/t/405744#reply8
用 chrome 手机浏览器打开淘宝，总是弹出 google play 商店，怎么解决啊,问与答,chrisliu1314,https://www.v2ex.com/t/405658#reply27
[北京] 孔明科技(新三板上市公司)招聘前端工程师 2 人,酷工作,youhua,https://www.v2ex.com/t/405794#reply0
搜狗输入法，今日第三次弹窗，无法屏蔽,分享发现,jasonpeng0322,https://www.v2ex.com/t/405555#reply97
千图网原创 VIP 有一起来拼团的吗？,优惠信息,zrj766,https://www.v2ex.com/t/405792#reply0
关于 Nginx，泛解析的重定向问题,问与答,rffan,https://www.v2ex.com/t/405791#reply0
感觉猎场可以算的上是 2017 最良心的剧了 真不明白为什么在豆瓣会被黑的那么惨,分享发现,1762628386,https://www.v2ex.com/t/405757#reply20
苏宁易购官方店刷单刷评价 看一次笑一次,分享发现,1etterSong,https://www.v2ex.com/t/405687#reply11
